author|Get all comments|Forum|Profile
1over|Yes|https://theotherboard.com/forum/index.php?/profile/3612-1over/|https://theotherboard.com/users/100473
2Big|Yes|https://theotherboard.com/forum/index.php?/profile/88-2big/|https://theotherboard.com/users/101573
Admiral C|Yes|https://theotherboard.com/forum/index.php?/profile/16026-admiral-c/|https://theotherboard.com/users/115372
airamericavet65|No|https://theotherboard.com/forum/index.php?/profile/17670-airamericavet65/|https://theotherboard.com/users/117091
ala_carte|No|https://theotherboard.com/forum/index.php?/profile/1555-ala_carte/|https://theotherboard.com/users/96834
Alex Majors|Yes|https://theotherboard.com/forum/index.php?/profile/36813-alex-majors/|https://theotherboard.com/users/136686
Audrey Astor|Yes|https://theotherboard.com/forum/index.php?/profile/1277-audrey-astor/|https://theotherboard.com/users/90775
average1|No|https://theotherboard.com/forum/index.php?/profile/1786-average1/|https://theotherboard.com/users/99016
BadBoy|No|https://theotherboard.com/forum/index.php?/profile/2182-badboy/|https://theotherboard.com/users/99629/
BillyTheKid|No|https://theotherboard.com/forum/index.php?/profile/35190-billythekid/|https://theotherboard.com/users/135077/
Bit Banger|Yes|https://theotherboard.com/forum/index.php?/profile/142-bit-banger/|https://theotherboard.com/users/94820
boink36|No|https://theotherboard.com/forum/index.php?/profile/409-boink36/|https://theotherboard.com/users/95579/
CallieVane|No|https://theotherboard.com/forum/index.php?/profile/8528-callievane/|https://theotherboard.com/users/107822
Coflyfshr83|No|https://theotherboard.com/forum/index.php?/profile/36741-coflyfshr83/|https://theotherboard.com/users/136615/
ColoTallGuy|No|https://theotherboard.com/forum/index.php?/profile/7880-colotallguy/|https://theotherboard.com/users/100176
contrails|Yes|https://theotherboard.com/forum/index.php?/profile/1268-contrails/|https://theotherboard.com/forum/../users/102179/
decafnaetd|No|https://theotherboard.com/forum/index.php?/profile/5159-decafnaetd/|https://theotherboard.com/users/104998/
Don John|No|https://theotherboard.com/forum/index.php?/profile/1405-don-john/|https://theotherboard.com/users/102254
don juan|No|https://theotherboard.com/forum/index.php?/profile/406-don-juan/|https://theotherboard.com/forum/../users/95267/
Du|No|https://theotherboard.com/forum/index.php?/profile/12329-du/|https://theotherboard.com/users/100051
easytimes81006|No|https://theotherboard.com/forum/index.php?/profile/30521-easytimes81006/|https://theotherboard.com/users/130438/
Elle Blake|No|https://theotherboard.com/forum/index.php?/profile/20860-elle-blake/|https://theotherboard.com/users/120527
frankenthaler91|No|https://theotherboard.com/forum/index.php?/profile/525-frankenthaler91/|https://theotherboard.com/users/96197
gb0138|No|https://theotherboard.com/forum/index.php?/profile/882-gb0138/|https://theotherboard.com/users/96929
Gentleman47362|No|https://theotherboard.com/forum/index.php?/profile/39623-gentleman47362/|https://theotherboard.com/users/139412/
gnarley_boy12|No|https://theotherboard.com/forum/index.php?/profile/11274-gnarley_boy12/|https://theotherboard.com/users/110397
gr8owl|Yes|https://theotherboard.com/forum/index.php?/profile/1438-gr8owl/|https://theotherboard.com/users/102272
Happymon|No|https://theotherboard.com/forum/index.php?/profile/37-happymon/|https://theotherboard.com/users/95220/
hornyoldtoad|Yes|https://theotherboard.com/forum/index.php?/profile/27019-hornyoldtoad/|https://theotherboard.com/users/126933
Hunter VanDyke|Yes|https://theotherboard.com/forum/index.php?/profile/21378-hunter-vandyke/|https://theotherboard.com/users/121080/
ilovewomen|No|https://theotherboard.com/forum/index.php?/profile/1502-ilovewomen/|https://theotherboard.com/users/102312
IRsparky|No|https://theotherboard.com/forum/index.php?/profile/90-irsparky/|https://theotherboard.com/users/99217/
jaski111|No|https://theotherboard.com/forum/index.php?/profile/41437-jaski111/|https://theotherboard.com/users/141209
jasminewaterss7|No|https://theotherboard.com/forum/index.php?/profile/17038-jasminewaterss7/|https://theotherboard.com/users/116435/
JoDoe27|Yes|https://theotherboard.com/forum/../users/95629/|https://theotherboard.com/users/106206
JRWolfe|Yes|https://theotherboard.com/forum/index.php?/profile/421-jrwolfe/|https://theotherboard.com/users/101753/
juanvaldez|No|https://theotherboard.com/forum/index.php?/profile/301-juanvaldez/|https://theotherboard.com/users/101698/
Juskiddng|No|https://theotherboard.com/forum/index.php?/profile/8688-juskiddng/|https://theotherboard.com/users/107947/
Kaduk|Yes|https://theotherboard.com/forum/index.php?/profile/112-kaduk/|https://theotherboard.com/users/94960
Kali Sensual Reiki|Yes|https://theotherboard.com/forum/index.php?/profile/12011-kali-sensual-reiki/|https://theotherboard.com/users/111132
Kandi Apple|No|https://theotherboard.com/forum/index.php?/profile/927-kandi-apple/|https://theotherboard.com/users/90749
Laci French|Yes|https://theotherboard.com/forum/index.php?/profile/1284-laci-french/|https://theotherboard.com/users/92857
Leena_rose|No|https://theotherboard.com/forum/index.php?/profile/29466-leena_rose/|https://theotherboard.com/users/129385
lex7|No|https://theotherboard.com/forum/index.php?/profile/1263-lex7/|https://theotherboard.com/users/100465
Liliane Rousseau|Yes|https://theotherboard.com/forum/index.php?/profile/14376-liliane-rousseau/|https://theotherboard.com/users/113626
lintlizard|Yes|https://theotherboard.com/forum/index.php?/profile/1807-lintlizard/|https://theotherboard.com/users/99639
lowboy|No|https://theotherboard.com/forum/index.php?/profile/143-lowboy/|https://theotherboard.com/users/97901
lustybustygina|No|https://theotherboard.com/forum/index.php?/profile/27415-lustybustygina/|https://theotherboard.com/users/127326
Madison Taylor|Yes|https://theotherboard.com/forum/index.php?/profile/25922-madison-taylor/|https://theotherboard.com/users/125842/
Marilyn Desire|No|https://theotherboard.com/forum/index.php?/profile/23847-marilyn-desire/|https://theotherboard.com/users/123690
MelindaMadison|No|https://theotherboard.com/forum/../users/121494/|https://theotherboard.com/users/90684/
MickeyBee2|No|https://theotherboard.com/forum/index.php?/profile/20544-mickeybee2/|https://theotherboard.com/users/120185
MightyRandomDude|No|https://theotherboard.com/forum/index.php?/profile/17444-mightyrandomdude/|https://theotherboard.com/users/116853/
Mustang87|No|https://theotherboard.com/forum/index.php?/profile/1059-mustang87/|https://theotherboard.com/users/97381
MyraGold|No|https://theotherboard.com/forum/index.php?/profile/17910-myragold/|https://theotherboard.com/users/117350/
N6_in_the_village|Yes|https://theotherboard.com/forum/index.php?/profile/371-n6_in_the_village/|https://theotherboard.com/users/95629/
Nilpferdchen|No|https://theotherboard.com/forum/index.php?/profile/11157-nilpferdchen/|https://theotherboard.com/forum/../users/110285/
NolaScofflaw|No|https://theotherboard.com/forum/index.php?/profile/35921-nolascofflaw/|https://theotherboard.com/users/135799
Nusa|No|https://theotherboard.com/forum/index.php?/profile/436-nusa/|https://theotherboard.com/forum/../users/101760/
Old_Timer|Yes|https://theotherboard.com/forum/index.php?/profile/103-old_timer/|https://theotherboard.com/users/97025
oldguysrule45|No|https://theotherboard.com/forum/index.php?/profile/383-oldguysrule45/|https://theotherboard.com/users/96142
parkercole|No|https://theotherboard.com/forum/index.php?/profile/755-parkercole/|https://theotherboard.com/users/95898
petey-9950|No|https://theotherboard.com/forum/index.php?/profile/8237-petey-9950/|https://theotherboard.com/users/96613
pfunk|Yes|https://theotherboard.com/forum/index.php?/profile/95-pfunk/|https://theotherboard.com/users/94833
Phil-anderer|No|https://theotherboard.com/forum/index.php?/profile/2261-phil-anderer/|https://theotherboard.com/users/99994
Raine-7379|No|https://theotherboard.com/forum/index.php?/profile/14857-raine-7379/|https://theotherboard.com/users/114132
richinco|No|https://theotherboard.com/forum/index.php?/profile/15001-richinco/|https://theotherboard.com/forum/../users/114293/
Rick_A|No|https://theotherboard.com/forum/index.php?/profile/29737-rick_a/|https://theotherboard.com/users/129657
Ryann|No|https://theotherboard.com/forum/index.php?/profile/257-ryann/|https://theotherboard.com/users/101672
Savoir Faire|No|https://theotherboard.com/forum/index.php?/profile/11543-savoir-faire/|https://theotherboard.com/users/110656
Seeker5280|No|https://theotherboard.com/forum/index.php?/profile/32107-seeker5280/|https://theotherboard.com/users/132016
Skg|No|https://theotherboard.com/forum/index.php?/profile/13160-skg/|https://theotherboard.com/users/112330
skinnydud|No|https://theotherboard.com/forum/index.php?/profile/7301-skinnydud/|https://theotherboard.com/users/97056
sparkey600|No|https://theotherboard.com/forum/index.php?/profile/1016-sparkey600/|https://theotherboard.com/users/95769
Strange_Ice|No|https://theotherboard.com/forum/index.php?/profile/23765-strange_ice/|https://theotherboard.com/users/123601
SultryKitten|No|https://theotherboard.com/forum/index.php?/profile/2697-sultrykitten/|https://theotherboard.com/users/91058
TheWhisperer|No|https://theotherboard.com/forum/index.php?/profile/4454-thewhisperer/|https://theotherboard.com/users/104441/
tide32|No|https://theotherboard.com/forum/index.php?/profile/300-tide32/|https://theotherboard.com/users/95226
Vassago|Yes|https://theotherboard.com/forum/index.php?/profile/7221-vassago/|https://theotherboard.com/users/96167
Violet_Vixxxen|No|https://theotherboard.com/forum/index.php?/profile/21770-violet_vixxxen/|https://theotherboard.com/users/121494/
whosyourdaty|No|https://theotherboard.com/forum/index.php?/profile/32054-whosyourdaty/|https://theotherboard.com/users/131964
