name|index
Bit Banger|212
Hunter VanDyke|54
Laci French|231
jasminewaterss7|237
Marilyn Desire|290
Kandi Apple|72
MyraGold|275
lustybustygina|100
Ryann|124
Kali Sensual Reiki|23
Violet_Vixxxen|154
MelindaMadison|217
Liliane Rousseau|244
jaski111|301
lintlizard|79
Elle Blake|227
Skg|143
don juan|174
Phil-anderer|188
Gentleman47362|8
Kaduk|246
ilovewomen|77
Leena_rose|82
pfunk|208
airamericavet65|0
gr8owl|14
Juskiddng|291
Raine-7379|46
sparkey600|121
johnnybgood|159
Fitzwilliam Darcy|224
BigBaldBlk|101
Redcrushk|167
geomurphee|109
mikelodoguy|27
clear|38
SnowTiger|106
pakrat|103
ClarenceDarrow|210
Justright|299
frugger-1535|183
cushionpushin|191
johngalt|197
NaughtyNicole-8069|205
AminaSky|68
Sunshine-9223|233
Justine-26|147
Nylah XB|247
Lanaya|87
LaurenB|300
odb|278
IceCrmMan02|179
Damngoodman|30
KGT8|185
jayandj|166
oldstandby|24
averageguy|49
BillyTheKid|44
BigTex|236
JSahara|287
Homersx|117
Tothemountains|85
Bob1911|98
Elbeardo33|29
Dirtyboyfarmer|288
Huskerrick|150
YankeeClipper|216
jerry.S|128
outdoor3|178
SixtiesDude|279
Circlehook2000|22
rockymountainsnow|11
cefrey|198
Calik8|135
MeganMarie4u|52
HollyMarie|31
Lucy Kitten|3
TSTarynxo|84
TS Monica|64
kittybabe|136
Bella Marie aka Sweet Satine|89
Amber Allure|58
TS Madison Proudmoore|249
Anastasia Fantasia|45
Brooklynne|97
Strange_Ice|66
chunky4096-7166|137
BobK13|146
R2|294
Fun71|176
fredsp411|53
BestElement|78
Flintstone|96
zomB|76
Funguy|243
tha_donjuan|12
darthballs-1232|276
Jez UaBriain|182
Audrey Astor|51
Justina Carter|92
Shauna Styles|123
Wendy Whitney|39
Naughty Destiny|69
RedHeadTigerLily|170
Jadeindenver101|268
Mya Lucile|42
Belle Delacroixxx|107
Emmas_beauty|219
Bridgett|283
Kissit40|229
timesnewroman|187
dude2112|119
mcmillaj|43
MJF151|225
Summer11|295
Karl from Prague|102
Medwards|262
nevik63|134
nm5140|157
Charlie contreras |190
fork|57
DeMarco-8036|139
Busyman|95
jseattle|153
geespot403|272
gent112577|25
togyk|130
pinballer|114
ishmael2|293
Zman76|298
Bostonman|266
Tarz|20
Bobdee2424|116
Labialust|40
Panicnut10|113
gentleman65|36
rokstud|211
Bob Richards|55
Rambro69|172
Bravo1|48
CaptainElectrode|285
Gange29|70
gntlmanbear|254
Gerry|1
Mjolnir|28
ilikeitlikethat|180
Black Gold|50
Ms T DDD|4
Lexy-skate|151
Just Jos|296
SireneSpace|209
SensualMontana|152
Lira_Autumn|104
Sofia of Colorado|138
Oasis |193
Lovely Raquel|118
Tara-1519|206
Sensual Sasha|286
CaraDay13|131
Cali Luca|207
Natalie Luck|17
Jade Gait|215
like2lick-3277|33
wyo1957|253
FoxCar|232
SeniorPlayboy|297
Howler44|196
Ruger|213
Canuck|37
smeg|270
cowpoke|9
wm51|149
Yesenia-4618|41
Adelina Adduci|133
Aryyal|60
Maggie Maddix|75
Enchantressselena|264
Chloerosexo|165
Leo Goddess|155
Raven Layne|250
Pandorasdaughter|292
luna5654303|192
AdeleFontaine|86
Jessismiles|259
Hayle|234
Emmahere2healu|181
Misa_Baby|257
RealDeal23|271
KorbenDallasMultiPass|214
morrowweast|10
Maxman45|171
Syntax|148
TexasNomad79|16
Dendude56|63
Oakwood|277
Troubadour|6
cpden76|240
Femmefan|230
tomextra|108
coolhand luke|144
forever young|258
JCBLDR|88
baldy469|71
Leoaugust|218
MtnWood|189
Mustang87|282
Dionysus939|160
CFD1|281
LostTexan|223
skicat720|140
acmb2017|195
Emily Jordan|13
Nina Faulkner|289
Elle Belle|122
Bigdog7|252
Wyomarine|47
Garcia|90
LazarusPornos |132
fornyhucker|18
ChaosMonkey76|110
eatme 69|7
coloradoguy|177
swordmas754|145
Wrangler05|199
Wodyn|203
Stifler189|173
caddyracer|226
Fiona_TheOne|255
Naomi Claire|21
Crystal Bliss|158
Ravyn Ryder|202
Chubby|168
Josh69|56
rdv1973|105
Davinci8|239
surroundedbyhappiness|222
Dmax05|35
Thunderhead4|269
nokken64|251
foxred|284
 Jack Daniels|2
KillemWithKindness2092|194
boxer-6526|200
Harald|256
Flanker-9057|81
Senorfrog|5
Becolo|267
jackburton|111
dcorian72|242
Pete|127
TheRock|265
Mickey69 |93
Steve Rogers|83
n4u2|59
Mtndreaming |126
Yaboua|65
cravinfun|238
BreeHanssen|115
Risa Rand aka Risabelle|73
Amber Shaw|125
Anja-2263|273
Jenna Johnson|260
Leigh Morgan|156
Paige LaRue (917)|280
Estella|184
Autumn-6933|74
Drew Magnolia|248
Faye FKA Chelsea May|175
Izabella Oz-9667|204
Aubrey-5206|99
Erika-6747|201
ses6666|220
EBKAC|161
Bora Bora|261
lowboy|162
2small|163
Aqua|32
cubed|120
smilin|112
CarmelCutieZoe|15
Lexi Lambeaux|228
Lucylucyloveland|235
ravivance|94
Leximay69|221
Madison Monroe-6320|186
Karma|61
Laya|142
Hailey Of Denver|169
Valentina Sanchez|67
AmandaLove303|274
Veronica Mendoza|19
Shelly Fuchs|263
69magick|141
NatalieIsabel|241
Miya|91
Victoria Munay|245
Callie Smith|62
Vanessa-1483|80
Katalina AKA Katrina|129
Brooke Alexander|164
Jazelle|34
angela aspen-1345|26
