name|index|buyer
1over|0|True
2Big|1|True
Admiral C|2|True
airamericavet65|3|True
Raine-7379|4|False
Amber Allure|5|False
Nina Faulkner|6|False
Laci French|7|False
ala_carte|8|True
Milana.Kumrinova|9|False
Alex Majors|10|True
Audrey Astor|11|False
ishmael2|12|True
genrev|13|True
smeg|14|True
Grc52|15|True
average1|16|True
Leonalune|17|False
Dixie-4345|18|False
HotNWetFastJess|19|False
Nancy love|20|False
Madison Taylor|21|False
BadBoy|22|True
LillyBelle|23|False
Alia Abaza|24|False
BillyTheKid|25|True
Violet_Vixxxen|26|False
Aliahaneen|27|False
Jenniferxj6|28|False
Danielle Rae|29|False
Lola_Rose|30|False
Cherry aka Miya|31|False
Bit Banger|32|True
boink36|33|True
CallieVane|34|False
Coflyfshr83|35|True
Alexis Anders|36|False
ColoTallGuy|37|True
contrails|38|True
decafnaetd|39|True
Don John|40|True
don juan|41|True
Du|42|True
easytimes81006|43|True
Elle Blake|44|False
coolhand luke|45|True
forever young|46|True
frankenthaler91|47|True
gb0138|48|True
Asian Model Jennifer|49|False
Miss Claire|50|False
Natalie Marie|51|False
KelseyGrace|52|False
Gentleman47362|53|True
gnarley_boy12|54|True
Danni Lake|55|False
SarahLove|56|False
gr8owl|57|True
Happymon|58|True
hornyoldtoad|59|True
Hunter VanDyke|60|False
rockster267|61|True
Wrangler05|62|True
lowboy|63|True
LostTexan|64|True
Mustang87|65|True
Zman76|66|True
SilverSurfer|67|True
Just Another Guy|68|True
Pika|69|True
JoDoe27|70|True
ilovewomen|71|True
IRsparky|72|True
jaski111|73|True
jasminewaterss7|74|False
Dmax05|75|True
Thunderhead4|76|True
nokken64|77|True
foxred|78|True
 Jack Daniels|79|True
KillemWithKindness2092|80|True
boxer-6526|81|True
Harald|82|True
ElPandaLoko|83|True
Jack1984|84|True
TBVegas|85|True
Jenna_James|86|False
JRWolfe|87|True
juanvaldez|88|True
Juskiddng|89|True
Chloerosexo|90|False
Kaduk|91|True
Kali Sensual Reiki|92|False
Kandi Apple|93|False
YankeeClipper|94|True
TexasNomad79|95|True
Dirtyboyfarmer|96|True
skicat720|97|True
acmb2017|98|True
Funl0veR |99|True
K2dnvrfun|100|True
Leena_rose|101|False
lex7|102|True
Liliane Rousseau|103|False
AreAitch|104|True
Flintstone|105|True
lintlizard|106|True
lustybustygina|107|False
jerry.S|108|True
Maxman45|109|True
ThatGuyT|110|True
Marilyn Desire|111|False
caddyracer|112|True
sb1212|113|True
MelindaMadison|114|False
BigBaldBlk|115|True
MickeyBee2|116|True
MightyRandomDude|117|True
asianlulu|118|False
YaziMami|119|False
Aaliyah Ames|120|False
MyraGold|121|False
N6_in_the_village|122|True
Nilpferdchen|123|True
NolaScofflaw|124|True
dartsrusco|125|False
Cassiebaby|126|False
Nusa|127|True
Old_Timer|128|True
oldguysrule45|129|True
parkercole|130|True
Natasha-6399|131|False
petey-9950|132|True
Brooklynne|133|False
pfunk|134|True
Phil-anderer|135|True
Sofia of Colorado|136|False
Oasis |137|False
Lovely Raquel|138|False
Tara-1519|139|False
Sensual Sasha|140|False
Tarz|141|True
Bobdee2424|142|True
goodguy69|143|True
richinco|144|True
Rick_A|145|True
Ryann|146|False
rokstud|147|True
Savoir Faire|148|True
Sexy_Darana |149|False
Princesss|150|False
Kawitana|151|False
Kaykay|152|False
misslilly|153|False
PrettyLittleKimberly|154|False
Jessie Jameson|155|False
Jessikray|156|False
DottiDot|157|False
AmberAustin69|158|False
Honeypot|159|False
Vip Nia|160|False
Lilylove|161|False
Seeker5280|162|True
Skg|163|True
skinnydud|164|True
sparkey600|165|True
Strange_Ice|166|True
SabrinaLynn aka KatieCreme|167|False
SultryKitten|168|False
Wingman69|169|True
eatme 69|170|True
Ruger|171|True
CFD1|172|True
Bora Bora|173|True
savel|174|True
TheWhisperer|175|True
tide32|176|True
Vassago|177|True
Elle Love|178|False
BigTex|179|True
JSahara|180|True
whosyourdaty|181|True
